{
  "integrations": [
    {
      "id": "a2edd302-a9d2-4d7f-92fd-626eea6cac79",
      "name": "Acknowledge",
      "action": "RUN_SCRIPT",
      "type": "OUTBOUND_WEBHOOK",
      "triggeredBy": "RESPONSE",
      "deployed": true,
      "form": "90ad53ac-4840-44d9-8c74-a7a48db339f0",
      "script": "var callback = JSON.parse(request.body);\nconsole.log('Executing outbound integration for xMatters event ID: ' + callback.eventIdentifier);\n\n// Convert list of event properties to an eventProperties object\nif (callback.eventProperties && Array.isArray(callback.eventProperties)) {\n    var eventProperties = callback.eventProperties;\n    callback.eventProperties = {};\n\n    for (var i = 0; i < eventProperties.length; i++) {\n        var eventProperty = eventProperties[i];\n        var key = Object.keys(eventProperty)[0];\n        callback.eventProperties[key] = eventProperty[key];\n    }\n}\n\n// Handle responses without annotations\nif (callback.annotation == \"null\") {\n    callback.annotation = null;\n}\n\n\nif( callback.response == 'Acknowledge' ) {\n    \n\n//get the recipient\nvar request = http.request({ \n     \"endpoint\": \"xMatters\",\n     \"path\": \"/api/xm/1/people/\" + callback.recipient ,\n     \"method\": \"GET\"\n });\n\nvar response = request.write();\n\nif (response.statusCode == 200 ) {\n   var json = JSON.parse(response.body);\n   var myvalues = json.myvalues;\n   console.log( \"Retrieved  \" + json.count + \" of \" + json.total + \" devices.\" );\n   \n}\n\n\n  var payload = \n    {\n      \"AVAILABLE_FIELD_1\": \"\" + json.targetName + \"\"\n    }\n   \n  \n  assignEasyVistaIncident( payload );\n\n}\n\n\nfunction assignEasyVistaIncident( payload ) {\n\n  var request = http.request({\n      'endpoint': 'EasyVista',\n      'method': 'PUT',\n      'path': 'api/v1/70049/requests/'+ callback.eventProperties.Incident_Number,\n      'headers': {\n          'Content-Type': 'application/json'\n      }\n  });\n\n  var response = request.write( payload );\n  \n \n \n  \n  // Write the response to the activity stream\n  console.log(JSON.stringify(response));\n\n}\n",
      "environment": "HOSTED"
    },
    {
      "id": "e5ced588-1a65-4d72-a592-06cdaf81560c",
      "name": "New Incident",
      "action": "CREATE_EVENT_SIMPLE",
      "type": "INBOUND_WEBHOOK",
      "deployed": true,
      "form": "90ad53ac-4840-44d9-8c74-a7a48db339f0",
      "script": "var plan_id = '762a3b92-e4ac-49ec-8c19-a141526d740d', form_id = '90ad53ac-4840-44d9-8c74-a7a48db339f0';\nvar xm_ver = 1;\n\nvar endpointpath = '/api/xm/' + xm_ver + '/plans/' + plan_id + '/forms/' + form_id + '/triggers';\n\nvar req = http.request({\n    method: 'POST',\n    endpoint: 'xMatters',\n    path: endpointpath,\n    headers: {\n        'Content-Type': 'application/json',\n    }\n});\n\n// Add requestId to payload\nvar payload = JSON.parse(request.body);\nif (!payload) {\n    payload = {};\n}\npayload.requestId = request.requestId;\npayload.integrationUuid = request.integrationUuid;\n\nvar response = req.write(payload);\n\n// If not 2xx response, throw exception to fail the integration\nif (response.statusCode >= 300) {\n    throw \"Failed to make call to xMatters endpoint. Path: \" + endpointpath + \". Server responded with status \" + response.statusCode;\n}\n\n",
      "environment": "HOSTED"
    },
    {
      "id": "9d5b2502-bcbe-4447-9d61-5da5c734a2d1",
      "name": "Resovle",
      "action": "RUN_SCRIPT",
      "type": "OUTBOUND_WEBHOOK",
      "triggeredBy": "RESPONSE",
      "deployed": true,
      "form": "90ad53ac-4840-44d9-8c74-a7a48db339f0",
      "script": "var callback = JSON.parse(request.body);\nconsole.log('Executing outbound integration for xMatters event ID: ' + callback.eventIdentifier);\n\n// Convert list of event properties to an eventProperties object\nif (callback.eventProperties && Array.isArray(callback.eventProperties)) {\n    var eventProperties = callback.eventProperties;\n    callback.eventProperties = {};\n\n    for (var i = 0; i < eventProperties.length; i++) {\n        var eventProperty = eventProperties[i];\n        var key = Object.keys(eventProperty)[0];\n        callback.eventProperties[key] = eventProperty[key];\n    }\n}\n\n// Handle responses without annotations\nif (callback.annotation == \"null\") {\n    callback.annotation = null;\n}\n\n\n\nif( callback.response == 'Resolve' ) {\n\n  \n  var payload = \n  {\n    \"closed\":{\n    }\n   }\n  \n  resolveEasyVistaIncident( payload );\n\n}\n\nfunction resolveEasyVistaIncident( payload ) {\n\n  var request = http.request({\n      'endpoint': 'EasyVista',\n      'method': 'PUT',\n      'path': 'api/v1/70049/requests/'+ callback.eventProperties.Incident_Number,\n      'headers': {\n          'Content-Type': 'application/json'\n      }\n  });\n\n  var response = request.write( payload );\n  \n  \n  // Write the response to the activity stream\n  console.log(JSON.stringify(response));\n}\n\n",
      "environment": "HOSTED"
    },
    {
      "id": "4be8b851-03f6-4487-bd73-3099a0e798d6",
      "name": "test",
      "action": "RUN_SCRIPT",
      "type": "OUTBOUND_WEBHOOK",
      "triggeredBy": "RESPONSE",
      "deployed": true,
      "form": "90ad53ac-4840-44d9-8c74-a7a48db339f0",
      "script": "/******************************************************************************\n * Outbound integrations\n *\n * Outbound integrations are triggered when an xMatters system action occurs,\n * such as when an event status changes, a notification is delivered, or a\n * recipient responds to a message. These system actions are called 'triggers'.\n *\n * Outbound integrations can perform tasks such as initiating a follow-up xMatters\n * event when the status of an event changes or updating another system in your\n * toolchain when a user responds to a notification.\n *\n * xMatters passes information about the trigger to the outbound integration\n * as a JSON object in the body of the built-in request object. Your outbound\n * integration can process this data and use it in the script. (To include form\n * properties in the request data, select 'Include in Outbound Integrations'\n * from the property's settings on the form layout.)\n *\n * The following sample code shows how to work with scripts in the Integration\n * Builder. You can use it as a template and then customize it to work with your\n * integration.\n ******************************************************************************/\n\n/**\n * Parse the payload data\n *\n * This code shows how to extract the payload from the built-in request object.\n * The specific fields that are included in the payload depends on the type of\n * trigger and how many form properties are included.\n */\nvar payload = JSON.parse(request.body);\n\n/**\n * Form properties are included in the payload when they are marked as\n * 'Include in Outbound Integrations' on the form layout.\n *\n * This code shows how to transform the eventProperties object so that\n * you can access form properties using dot notation, and then shows\n * how to access the values of form properties named TicketId and Description.\n */\n//if (payload.eventProperties && Array.isArray(payload.eventProperties)) {\n//    var eventProperties = payload.eventProperties;\n//    payload.eventProperties = {};\n//\n//    for (var i = 0; i < eventProperties.length; i++) {\n//        var eventProperty = eventProperties[i];\n//        var key = Object.keys(eventProperty)[0];\n//        payload.eventProperties[key] = eventProperty[key];\n//    }\n//}\n//console.log('Form properties:');\n//console.log('Value of the TicketId property:' + payload.eventProperties.TicketId);\n//console.log('Value of the Description property:' + payload.eventProperties.Description);\n\n/** The event ID and time are included in the payload of all triggers **/\nconsole.log('\\nCommon properties:');\nconsole.log('Event ID: ' + payload.eventIdentifier);\nconsole.log('Time: ' + payload.date);\n\n/** These properties are included in the payload of event status update triggers. **/\n//console.log('\\nEvent Status properties:');\n//console.log('Event status changed to: ' + payload.status);\n//console.log('Event sender: ' + payload.username);\n\n/** These properties are included in the payload of delivery status update triggers. **/\n//console.log('\\nDelivery Status properties:');\n//console.log('Delivery status: ' + payload.deliveryStatus);\n//console.log('to device: ' + payload.device + ' ID: ' + payload.deviceId);\n//console.log('to recipient ' + payload.recipient);\n//console.log('delivery message: ' + payload.message);\n//console.log('delivery type: ' + payload.eventType);\n\n/** These properties are included in the payload of notification response triggers. **/\n//console.log('\\nResponse properties:');\n//console.log('Recipient: ' + payload.recipient);\n//console.log('Responded with: ' + payload.response);\n//console.log('From this device: ' + payload.device);\n//if (payload.annotation == \"null\") {\n//    console.log('And did not make a comment.');\n//}\n//else {\n//  console.log('And commented: ' + payload.annotation);\n//}\n\n/** These properties are included in the payload of comment (annotation) response triggers*/\n//console.log('\\nComment properties:');\n//console.log('The user: ' + payload.author.targetName  + '(' + payload.author.firstName + ' ' + payload.author.lastName + ')');\n//console.log('Made the comment: ' + payload.comment);\n\n/******************************************************************************\n * This example shows how to configure a notification response trigger\n * integration that sends an update to an external audit system when a user\n * responds to a notification.\n *\n * This example makes assumptions about the external audit system, including how the\n * endpoint to access the system is configured in xMatters, the path to the\n * RESTful web service, the required format of the request body, and the response\n * codes returned from the request.\n *\n * To use this code sample, configure an endpoint for the external system you\n * want to access and then adjust code to represent the actual values required\n * by the system.\n ******************************************************************************/\n\n/**\n * Prepare a request to the external system\n *\n * This example assumes that the external audit system is configured in the\n * 'AuditLoggerSystem' endpoint and that it can be updated by sending a POST\n * request to /api/logEntry.\n *\n * By using an endpoint to represent a connection to the external system, you\n * can authenticate without storing a plain-text password in your script.\n */\n//var auditLogRequest = http.request({\n//    'endpoint': 'AuditLoggerSystem',\n//    'method': 'POST',\n//    'path': '/api/logEntry',\n//    'headers': {\n//        'Content-Type': 'application/json'\n//    }\n//});\n\n/**\n * Prepare the payload of the request according to the requirements of the\n * external system.\n *\n * This example assumes that the external system requires the request to\n * contain a JSON object in the request body that describes the action to log.\n *\n * You can modify this script to match the requirements of the external system you\n * want to update.\n */\n//var requestBody = {};\n//requestBody.subject = 'Update from xMatters at ' + payload.date;\n//requestBody.event = payload.eventIdentifier;\n//requestBody.user = payload.recipient;\n//requestBody.response = payload.response;\n//requestBody.comment = payload.comment;\n\n/** Make the request to the external system and verify that it is successful. **/\n//var response = auditLogRequest.write(json);\n//if (response.statusCode != 200 ) {\n//    console.log('\\nThere was an error updating the external system.\\n');\n//    return;\n//}\n\n/** Write the response from the external system to the activity stream. **/\n//console.log(JSON.stringify(response));\n\n\n/******************************************************************************\n * General script usage\n *\n * This section shows some general information about working with\n * Integration Builder scripts. If you need these behaviors, place\n * them in your script in an appropriate location to support your logic.\n ******************************************************************************/\n\n/**\n * Shared Libraries\n * Shared libraries allow you to store commonly-used code snippets in a single\n * location and share them among Integration Builder scripts. To access a shared\n * library, use the require() function to load the library into a variable and then\n * call the functions stored within it. This example shows how to access the function\n * named 'myFunction' from the shared library named 'mySharedLibrary'.\n */\n//var mySharedLibrary = require('My Shared Library');\n//var message = mySharedLibrary.myFunction();\n\n/**\n * Constants\n * Constants allow you to define a value using the xMatters user interface and\n * then use it in multiple scripts. This example shows how to access user-defined\n * constants named 'APIKey' and 'Application Host'.\n */\n//var department = constants.APIKey;\n//var address = constants['Application Host'];\n\n/**\n * Logging\n * To write messages to the Activity Stream, use console.log().\n */\n//console.log('Finished running an Integration Builder script.');\n",
      "environment": "HOSTED"
    }
  ],
  "endpoints": [
    {
      "name": "EasyVista",
      "baseUrl": "https://sandbox.easyvista.com",
      "type": "EXTERNAL",
      "authentication": "NO_AUTH"
    }
  ],
  "constants": []
}